{
  "model_name": "LightGBMRegressor",
  "task": "short_term_traffic_flow_prediction",
  "train_datasets": [
    "PEMS03",
    "PEMS04"
  ],
  "final_test_dataset": "PEMS07",
  "window_size": 12,
  "normalization": "per-sensor z-score",
  "features": [
    "lag_12",
    "lag_11",
    "lag_10",
    "lag_9",
    "lag_8",
    "lag_7",
    "lag_6",
    "lag_5",
    "lag_4",
    "lag_3",
    "lag_2",
    "lag_1",
    "diff_11",
    "diff_10",
    "diff_9",
    "diff_8",
    "diff_7",
    "diff_6",
    "diff_5",
    "diff_4",
    "diff_3",
    "diff_2",
    "diff_1",
    "roll_mean",
    "roll_std",
    "sin_tod",
    "cos_tod"
  ],
  "train_samples": 1999793,
  "val_samples": 500447,
  "test_samples": 1000439,
  "best_iteration": 883,
  "train": {
    "mae_normalized": 0.13938583433628082,
    "rmse_normalized": 0.20455322302048679,
    "mae": 14.672560691833496,
    "rmse": 22.94543752093962,
    "mape_percent": 10.10884952545166
  },
  "validation": {
    "mae_normalized": 0.1427527517080307,
    "rmse_normalized": 0.21887344896059982,
    "mae": 14.96243953704834,
    "rmse": 24.718151215487755,
    "mape_percent": 10.171919822692871
  },
  "test": {
    "mae_normalized": 0.13162705302238464,
    "rmse_normalized": 0.20121316578630427,
    "mae": 18.70878028869629,
    "rmse": 29.330725236023294,
    "mape_percent": 7.909610748291016
  },
  "model_file": "E:\\codework\\Design-and-Implementation-of-a-Real-Time-Traffic-Anomaly-Detection-and-AI-Benchmarking-Pipeline\\app\\traffic_model.txt"
}